{"cameraMode":{"drawMode":0,"name":"Shaded","section":"Shading Mode"},"sceneLighting":false,"audioPlay":false,"sceneViewState":{"m_AlwaysRefresh":false,"showFog":true,"showSkybox":false,"showFlares":true,"showImageEffects":true,"showParticleSystems":true,"showVisualEffectGraphs":true,"m_FxEnabled":true},"in2DMode":false,"pivot":{"x":2.9802322387695315e-8,"y":0.9826585054397583,"z":0.20676851272583009},"rotation":{"x":-0.004445493221282959,"y":0.9910762906074524,"z":-0.12887604534626008,"w":-0.034222159534692767},"size":1.8001643419265748,"orthographic":false}