{"cameraMode":{"drawMode":0,"name":"Shaded","section":"Shading Mode"},"sceneLighting":false,"audioPlay":false,"sceneViewState":{"m_AlwaysRefresh":false,"showFog":true,"showSkybox":false,"showFlares":true,"showImageEffects":true,"showParticleSystems":true,"showVisualEffectGraphs":true,"m_FxEnabled":true},"in2DMode":false,"pivot":{"x":2.7386624813079836,"y":0.7599554061889648,"z":1.3794236183166505},"rotation":{"x":0.5220954418182373,"y":-0.005125465802848339,"z":0.0031291847117245199,"w":0.8528785705566406},"size":3.0243301391601564,"orthographic":false}