{"cameraMode":{"drawMode":0,"name":"Shaded","section":"Shading Mode"},"sceneLighting":false,"audioPlay":false,"sceneViewState":{"m_AlwaysRefresh":false,"showFog":true,"showSkybox":false,"showFlares":true,"showImageEffects":true,"showParticleSystems":true,"showVisualEffectGraphs":true,"m_FxEnabled":true},"in2DMode":false,"pivot":{"x":-8.940696716308594e-8,"y":0.3761787414550781,"z":-0.020665287971496583},"rotation":{"x":-0.004445493221282959,"y":0.9910762906074524,"z":-0.12887604534626008,"w":-0.034222159534692767},"size":0.8062102794647217,"orthographic":false}