{"cameraMode":{"drawMode":0,"name":"Shaded","section":"Shading Mode"},"sceneLighting":false,"audioPlay":false,"sceneViewState":{"m_AlwaysRefresh":false,"showFog":true,"showSkybox":false,"showFlares":true,"showImageEffects":true,"showParticleSystems":true,"showVisualEffectGraphs":true,"m_FxEnabled":true},"in2DMode":false,"pivot":{"x":-1.1920928955078126e-7,"y":1.8984355926513672,"z":-4.120274543762207},"rotation":{"x":0.5220954418182373,"y":-0.005125465802848339,"z":0.0031291847117245199,"w":0.8528785705566406},"size":8.491101264953614,"orthographic":false}