{"cameraMode":{"drawMode":0,"name":"Shaded","section":"Shading Mode"},"sceneLighting":true,"audioPlay":false,"sceneViewState":{"m_AlwaysRefresh":false,"showFog":true,"showSkybox":true,"showFlares":true,"showImageEffects":true,"showParticleSystems":true,"showVisualEffectGraphs":true,"m_FxEnabled":true},"in2DMode":false,"pivot":{"x":-137.3673858642578,"y":586.3564453125,"z":591.7474365234375},"rotation":{"x":0.010809780098497868,"y":-0.006279082503169775,"z":0.00008150696521624923,"w":0.9999240040779114},"size":1159.7427978515625,"orthographic":false}