{"cameraMode":{"drawMode":0,"name":"Shaded","section":"Shading Mode"},"sceneLighting":false,"audioPlay":false,"sceneViewState":{"m_AlwaysRefresh":false,"showFog":true,"showSkybox":false,"showFlares":true,"showImageEffects":true,"showParticleSystems":true,"showVisualEffectGraphs":true,"m_FxEnabled":true},"in2DMode":false,"pivot":{"x":-0.6091501712799072,"y":0.35520875453948977,"z":-3.606264114379883},"rotation":{"x":-0.01441562082618475,"y":0.9812511205673218,"z":-0.17431412637233735,"w":-0.08115320652723313},"size":3.2634706497192385,"orthographic":false}