{"cameraMode":{"drawMode":0,"name":"Shaded","section":"Shading Mode"},"sceneLighting":false,"audioPlay":false,"sceneViewState":{"m_AlwaysRefresh":false,"showFog":true,"showSkybox":false,"showFlares":true,"showImageEffects":true,"showParticleSystems":true,"showVisualEffectGraphs":true,"m_FxEnabled":true},"in2DMode":false,"pivot":{"x":24.03649139404297,"y":-2.3148765563964845,"z":-1.0634913444519044},"rotation":{"x":-0.5636839866638184,"y":0.0036325515247881414,"z":-0.0025948623660951854,"w":-0.826045036315918},"size":6.687136650085449,"orthographic":false}