{"cameraMode":{"drawMode":0,"name":"Shaded","section":"Shading Mode"},"sceneLighting":false,"audioPlay":false,"sceneViewState":{"m_AlwaysRefresh":false,"showFog":true,"showSkybox":false,"showFlares":true,"showImageEffects":true,"showParticleSystems":true,"showVisualEffectGraphs":true,"m_FxEnabled":true},"in2DMode":false,"pivot":{"x":-0.9956093430519104,"y":0.33393165469169619,"z":-4.7364349365234379},"rotation":{"x":-0.004445493221282959,"y":0.9910762906074524,"z":-0.12887604534626008,"w":-0.034222159534692767},"size":4.090668678283691,"orthographic":false}