{"cameraMode":{"drawMode":0,"name":"Shaded","section":"Shading Mode"},"sceneLighting":false,"audioPlay":false,"sceneViewState":{"m_AlwaysRefresh":false,"showFog":true,"showSkybox":false,"showFlares":true,"showImageEffects":true,"showParticleSystems":true,"showVisualEffectGraphs":true,"m_FxEnabled":true},"in2DMode":false,"pivot":{"x":1.5082247257232667,"y":0.8992525935173035,"z":0.08175182342529297},"rotation":{"x":-0.004445493221282959,"y":0.9910762906074524,"z":-0.12887604534626008,"w":-0.034222159534692767},"size":3.0379059314727785,"orthographic":false}